BSM_PDR1,BSM_PDR2,BSM_PDR3,BSM_PDR4,BSM_PDR5,BSM_PDR6,BSM_PDR7,BSM_PDR8,BSM_PDR9,BSM_PDR10,AverageRoutingGoodputKbps,MacPhyOverhead
0.855536,0.57488,0.348813,0.227344,0.161759,0.120251,0.0934092,0.0934092,0.0934092,0.0934092,2.34147,0.320655
