BSM_PDR1,BSM_PDR2,BSM_PDR3,BSM_PDR4,BSM_PDR5,BSM_PDR6,BSM_PDR7,BSM_PDR8,BSM_PDR9,BSM_PDR10,AverageRoutingGoodputKbps,MacPhyOverhead
0.764165,0.603483,0.443685,0.326093,0.264709,0.215264,0.172602,0.172602,0.172602,0.172602,0.0767974,0.332417
